[{"name": "Gimlet","type": "Cocktails","key_genres": ["noir","hard-boiled","jazz"],
        "genres": ["mystery & detective","biography & memoir","hard-boiled","1960s","1940s","thriller",
				"historical fiction","world war ii","mystery","20th century","espionage","noir","mixology","thrillers & mystery",
				"jazz"],
        "sentiment": 0.6, 
        "ingredients": [
            "2 oz gin", 
            "3/4 oz freshly squeezed lime juice", 
            "3/4 oz simple syrup", 
            "Lime wheel or twist (for garnish)", 
            "Ice"
        ], 
        "instructions": "A Gimlet is a classic cocktail known for its simplicity and refreshing taste. To make this tangy cocktail, start by filling the cocktail shaker with ice. Add the gin, freshly squeezed lime juice, and simple syrup to the shaker. Shake well for about 15-20 seconds to chill the mixture. Strain the mixture into a chilled cocktail glass (such as a coupe glass or a martini glass) over fresh ice. Garnish the drink with a lime wheel or a twist.", 
        "allergens": [], 
        "image": "gimlet", 
        "no match drink": true, 
        "description": "A Gimlet is a classic cocktail known for its simplicity and refreshing taste. It combines gin with simple syrup and lime juice."
    }, 
    {
        "name": "Gin and Tonic", 
        "type": "Cocktails", 
        "key_genres": ["world war i","steampunk","england","great britain","world war ii","noir"],
        "genres": ["mystery & detective","1910s","classics","psychological","great britain","travel",
				"1940s","thriller","world war ii","adventure","england","biography & memoir","love in adolescence",
				"1960s","domestic fiction","world war i","romantic comedy","hard science fiction","noir","1930s",
				"new england","steampunk","mystery","20th century","business","poetry","cooking","mixology","historical fiction",
				"historical adventure","thrillers & mystery","english cooking","psychological thriller"],
        "sentiment": 0.7, 
        "ingredients": [
            "2 oz. gin", 
            "4 oz. tonic water", 
            "Lime wedge for garnish", 
            "Ice"
        ], 
        "instructions": "The Gin and Tonic is a classic cocktail with a signature copper mug presentation. To craft this drink, start by filling a copper mug or highball glass with ice. Squeeze the juice from half a lime into the glass, and drop the spent lime shell in. Then, pour in 2 oz. of gin. Top it off with approximately 4 oz. of tonic water, or adjust to your preferred level of tonic flavor. Give it a gentle stir to mix the ingredients. To garnish, add a lime wheel or wedge for an extra burst of citrus aroma. The Gin and Tonic is known for its crisp and tangy taste, making it a popular choice for a refreshing and enjoyable cocktail.", 
        "allergens": [], 
        "image": "mojito", 
        "no match drink": true, 
        "description": "The Gin and Tonic is a classic cocktail with a signature copper mug presentation."
    }, 
    {
        "name": "Merlot", 
        "type": "Wine", 
        "key_genres": ["erotica","france"],
        "genres": ["france","adult romance","dystopian","gothic","family life","erotica","vampires","science fiction",
				"psychological","mystery","business","political","romance","poetry","folk music"],
        "sentiment": 0.6, 
        "ingredients": [
            ""
        ], 
        "instructions": "Merlot is a red wine characterized by its velvety texture, medium to full body, and flavors of ripe plum, cherry, and herbal notes. Enjoy Merlot at a cool room temperature", 
        "allergens": [], 
        "image": "redWine", 
        "no match drink": true, 
        "description": "Merlot is a red wine characterized by its velvety texture, medium to full body, and flavors of ripe plum, cherry, and herbal notes."
    }, 
    {
        "name": "Cabernet Sauvignon", 
        "type": "Wine", 
        "key_genres": [], 
        "genres": ["france","adult romance","action","unrequited love","dystopian","united states","hard science fiction",
				"epic","erotica","vampires","science fiction","psychological","historical fiction","mystery","california",
				"business","political","space travel","poetry","folk music"],
        "sentiment": 0.6, 
        "ingredients": [
            ""
        ], 
        "instructions": "Cabernet Sauvignon is a robust red wine, renowned for its deep color, firm tannins, and flavors that often include blackcurrant, cherry, and cedar, making it an excellent choice for those who appreciate bold and structured reds. With a potential for aging, Cabernet Sauvignon is versatile, pairing well with hearty dishes or simply enjoyed on its own. Serve at room temperature.", 
        "allergens": [], 
        "image": "redWine", 
        "no match drink": true, 
        "description": "Cabernet Sauvignon is a robust red wine, renowned for its deep color, firm tannins, and flavors that often include blackcurrant, cherry, and cedar."
    }, 
    {
        "name": "Malbec", 
        "type": "Wine", 
        "key_genres": ["argentina"],
        "genres": ["france","action","paranormal romance","mystery & detective","dystopian","gothic",
				"horror","vampires","paranormal","mystery","argentina","romance","folk music"],
        "sentiment": 0.6, 
        "ingredients": [
            ""
        ], 
        "instructions": "Malbec, a red wine originating from France but flourishing notably in Argentina, is known for its plush, dark fruit flavors, velvety texture, and often features notes of plum, black cherry, and chocolate, making it a popular choice for those seeking a smooth and approachable red wine. With its versatility, Malbec pairs well with a range of foods, from grilled meats to hearty pasta dishes, offering a satisfying and flavorful drinking experience. Serve Malbec at a cool room temperature.", 
        "allergens": [], 
        "image": "redWine", 
        "no match drink": true, 
        "description": "Malbec, a red wine originating from France but flourishing notably in Argentina, is known for its plush, dark fruit flavors, velvety texture, and often features notes of plum, black cherry, and chocolate."
    }, 
    {
        "name": "Pilsner", 
        "type": "Beer", 
        "key_genres": ["germany"],
        "genres": ["adventure","mystery","contemporary fiction","humorous","germany","friendship in adolescence",
				"male friendship","friendship","united states","mexico"],
        "sentiment": 0.6, 
        "ingredients": [
            ""
        ], 
        "instructions": "Pislner is a type of pale lager orignating in the Czech Republic. It has a crisp and dry taste. It is best served cold in a tall narrow glass. When pouring, aim for a moderate and controlled pour to achieve a good balance between beer and head.", 
        "allergens": ["gluten"],
        "image": "beer", 
        "no match drink": true, 
        "description": "Pislner is a type of pale lager orignating in the Czech Republic. It has a crisp and dry taste."
    }, 
    {
        "name": "Lager", 
        "type": "Beer", 
        "key_genres": ["sports","friendship"],
        "genres": ["friendship in adolescence","1950s","gritty","1940s","friendship","adventure","1960s",
				"domestic fiction","humorous","1930s","female friendship","adolescence","male friendship","mystery",
				"contemporary fiction","sports","india","mexico","japan"],
        "sentiment": 0.5, 
        "ingredients": [
            "Lemon or lime garnish (optional)"
        ], 
        "instructions": "Lager is a light beer orignally from Bavaria. It is best served cold. Aim for a moderate and controlled pour to minimize excessive foaming, resulting in a nice, frothy head. Add lemon or lime garnish if desired.", 
        "allergens": ["gluten"],
        "image": "beer", 
        "no match drink": true, 
        "description": "Lager is a light beer orignally from Bavaria."
    }, 
    {
        "name": "Hard Cider", 
        "type": "Wine", 
        "key_genres": ["historical adventure"],
        "genres": ["19th century","18th century","epic","historical fiction","adventure","historical fantasy",
				"fantasy","westerns","colonial period","contemporary fiction","humorous","frontier and pioneer life",
				"historical adventure","english cooking","irish cooking","cooking","contemporary fantasy","folk music"
				],
        "sentiment": 0.7, 
        "ingredients": [
            ""
        ], 
        "instructions": "Hard cider is made from fermented apple juice. It is commonly served chilled straight from the bottle or can.", 
        "allergens": [], 
        "image": "cider", 
        "no match drink": true, 
        "description": "Hard cider is made from fermented apple juice."
    }
]