{
  "vampire novels": "vampires",
  "vampires in fiction": "vampires",
  "vampire literature": "vampires",
  "witchcraft": "witches",
  "witches fiction": "witches",
  "werewolves in fiction": "werewolves",
  "extraterrestrial beings": "aliens",
  "human-alien encounters": "aliens",
  "alien contact": "aliens",
  "vikings in fiction": "vikings",
  "korea in fiction": "korea",
  "korean fiction": "korea",
  "korea ": "korea",
  "koreans": "korea",
  "korean american families": "korea",
  "korean americans in fiction": "korea",
  "korean americans": "korea",
  "korean american": "korea",
  "korean mythology": "korea",
  "korean folklore": "korea",
  "korean folk literature": "korea",
  "korean american women": "korea",
  "korean american women in fiction": "korea",
  "korean american businesspeople": "korea",
  "korean american business enterprises": "korea",
  "republic of korea": "korea",
  "steampunk fiction": "steampunk",
  "paranormal fiction": "paranormal",
  "supernatural": "paranormal",
  "occult & supernatural": "occult",
  "occult fiction": "occult",
  "occultism": "occult",
  "irish occult fiction": "occult",
  "ghost": "ghosts",
  "ghost stories": "ghosts",
  "horror and ghost stories": "horror",
  "ghost fiction": "ghosts",
  "wizardry": "wizards",
  "wizards fiction": "wizards",
  "wizard": "wizards",
  "magician": "magicians",
  "magicians in fiction": "magicians",
  "magic in fiction": "magic",
  "interstellar travel": "space travel",
  "interplanetary voyages": "space travel",
  "travels": "travel",
  "description and travel": "travel",
  "voyages and travels": "travel",
  "travel writers": "travel",
  "travelers": "travel",
  "travelers in literature": "travel",
  "soviet union in fiction": "soviet union",
  "soviet union. in fiction": "soviet union",
  "russia in fiction": "russia",
  "russia ": "russia",
  "ireland in fiction": "ireland",
  "ireland)": "ireland",
  "irish in fiction": "ireland",
  "irish": "ireland",
  "mexico in fiction": "mexico",
  "cuba in fiction": "cuba",
  "drama ": "drama",
  "dramatic works by one author": "drama",
  "british and irish drama ": "drama",
  "american drama ": "drama",
  "puerto rico in fiction": "puerto rico",
  "erotic stories": "erotica",
  "erotic passion": "erotica",
  "erotic fiction": "erotica",
  "italy in fiction": "italy",
  "italians": "italy",
  "italian americans": "italy",
  "italian americans in fiction": "italy",
  "australia in fiction": "australia",
  "dystopian fiction": "dystopian",
  "dystopias": "dystopian",
  "dystopian plays": "dystopian",
  "totalitarianism": "dystopian",
  "first loves in fiction": "first loves",
  "friendship in fiction": "friendship",
  "magic realism": "magical realism",
  "france in fiction": "france",
  "spain in fiction": "spain",
  "classical & medieval": "middle ages",
  "middle ages in fiction": "middle ages",
  "medieval": "middle ages",
  "argentina in fiction": "argentina",
  "spy stories": "espionage",
  "spies": "espionage",
  "women spies": "espionage",
  "english spy stories": "espionage",
  "german espionage": "espionage",
  "pirates in fiction": "pirates",
  "mystery fiction": "mystery",
  "england in fiction": "england",
  "england fiction": "england",
  "female friendship in fiction": "female friendship",
  "male friendship in fiction": "male friendship",
  "love": "romance",
  "romance fiction": "romance",
  "love & romance": "romance",
  "love stories": "romance",
  "romance literature": "romance",
  "man-woman relations": "romance",
  "man-woman relationships": "romance",
  "lesbian love story": "romance",
  "gay love": "romance",
  "lgbt romance": "romance",
  "lesbian romance novel": "romance",
  "psychology": "psychological",
  "psychological fiction": "psychological",
  "japanese psychological fiction": "psychological",
  "english psychological fiction": "psychological",
  "science-fiction": "science fiction",
  "english science fiction": "science fiction",
  "american science fiction": "science fiction",
  "american science fiction and fantasy": "science fiction",
  "science fiction & fantasy": "science fiction",
  "lgbtq science fiction & fantasy": "science fiction",
  "suspense": "thriller",
  "thrillers": "thriller",
  "suspense fiction": "thriller",
  "suspense & thriller": "thriller",
  "legal-suspense thriller": "thriller",
  "history": "historical fiction",
  "historical": "historical fiction",
  "history and criticism": "historical fiction",
  "lgbtq history": "historical fiction",
  "lgbtq historical fiction": "historical fiction",
  "historical juvenile fiction": "historical fiction",
  "english historical fiction": "historical fiction",
  "african american history": "historical fiction",
  "state & local history": "historical fiction",
  "classic literature": "classics",
  "classic": "classics",
  "classical literature": "classics",
  "classic fiction": "classics",
  "fiction classics": "classics",
  "biographical": "biography & memoir",
  "biographies": "biography & memoir",
  "biography": "biography & memoir",
  "biography & autobiography": "biography & memoir",
  "personal narratives": "biography & memoir",
  "memoir": "biography & memoir",
  "personal memoirs": "biography & memoir",
  "autobiographical fiction": "biography & memoir",
  "lgbtq biography and memoir": "biography & memoir",
  "american personal narratives": "biography & memoir",
  "canadian personal narratives": "biography & memoir",
  "action & adventure": "adventure",
  "action & adventure fiction": "adventure",
  "adventure stories": "adventure",
  "adventure and adventurers": "adventure",
  "adventure fiction": "adventure",
  "adventure and adventurers in fiction": "adventure",
  "adventurers": "adventure",
  "action and adventure fiction": "adventure",
  "explorers": "adventure",
  "women explorers": "adventure",
  "english adventure stories": "adventure",
  "discovery and exploration": "adventure",
  "spanish adventure fiction": "adventure",
  "comedy": "humorous",
  "humor": "humorous",
  "humour": "humorous",
  "humorous fiction": "humorous",
  "humorous stories": "humorous",
  "wit and humour": "humorous",
  "american humorous stories": "humorous",
  "american wit and humor": "humorous",
  "fantasy fiction": "fantasy",
  "fantasy in fiction": "fantasy",
  "fantastic fiction": "fantasy",
  "fantasy genre": "fantasy",
  "fantasy & magic": "fantasy",
  "teen fantasy fiction": "fantasy",
  "american fantasy fiction": "fantasy",
  "english fantasy fiction": "fantasy",
  "english fantasy literature": "fantasy",
  "canadian fantasy fiction": "fantasy",
  "gothic fiction": "gothic",
  "gothic & horror": "gothic",
  "gothic horror": "gothic",
  "england gothic fiction": "gothic",
  "detective": "mystery & detective",
  "women detectives": "mystery & detective",
  "detectives": "mystery & detective",
  "criminal investigation": "mystery & detective",
  "investigation": "mystery & detective",
  "p.i.": "mystery & detective",
  "private investigators": "mystery & detective",
  "private investigator": "mystery & detective",
  "private investigators in fiction": "mystery & detective",
  "women private investigators": "mystery & detective",
  "mystery and detective stories": "mystery & detective",
  "detective and mystery stories": "mystery & detective",
  "detective fiction": "mystery & detective",
  "mystery & detective fiction": "mystery & detective",
  "mysteries & detective stories": "mystery & detective",
  "english detective and mystery stories": "mystery & detective",
  "american detective and mystery stories": "mystery & detective",
  "government investigators": "mystery & detective",
  "government investigators in fiction": "mystery & detective",
  "young women detective and mystery stories": "mystery & detective",
  "young womendetective and mystery stories": "mystery & detective",
  "horror fiction": "horror",
  "horror stories": "horror",
  "horror tales": "horror",
  "english horror tales": "horror",
  "horror films": "horror",
  "american horror tales": "horror",
  "contemporary": "contemporary fiction",
  "modern & contemporary fiction ": "contemporary fiction",
  "modern literature": "contemporary fiction",
  "modern": "contemporary fiction",
  "crime mysteries": "crime mystery",
  "mystery & crime": "crime mystery",
  "crime & mystery": "crime mystery",
  "international mystery & crime": "crime mystery",
  "murder mystery": "crime mystery",
  "crime": "crime fiction",
  "crime novel": "crime fiction",
  "crime novels": "crime fiction",
  "crime in fiction": "crime fiction",
  "criminals in fiction": "criminals",
  "quest": "voyages",
  "quests": "voyages",
  "voyage": "voyages",
  "quests ": "voyages",
  "expeditions": "voyages",
  "zombies in fiction": "zombies",
  "coming of age": "adolescence",
  "adolescent": "adolescence",
  "adolescence & coming of age": "adolescence",
  "coming-of-age": "adolescence",
  "epic fiction": "epic",
  "high fantasy": "epic",
  "epic fantasy": "epic",
  "epic literature": "epic",
  "political fiction": "political",
  "political science": "political",
  "english political fiction": "political",
  "politics": "political",
  "political satire": "satire",
  "american political fiction": "political",
  "politicians in fiction": "political",
  "politicians": "political",
  "political plays": "political",
  "usa": "united states",
  "united states. in fiction": "united states",
  "united states in fiction": "united states",
  "u.s.": "united states",
  "americans": "united states",
  "american": "united states",
  "american fiction": "united states",
  "american fiction ": "united states",
  "american literature": "united states",
  "great britain in fiction": "great britain",
  "ukraine in fiction": "ukraine",
  "poland in fiction": "poland",
  "polish americans": "poland",
  "jamaica in fiction": "jamaica",
  "satirical literature": "satire",
  "english satire": "satire",
  "peru in fiction": "peru",
  "chile in fiction": "chile",
  "california in fiction": "california",
  "calif.)": "california",
  "kentucky in fiction": "kentucky",
  "mississippi in fiction": "mississippi",
  "new england in fiction": "new england",
  "family life in fiction": "family life",
  "family": "family life",
  "family in fiction": "family life",
  "family relationships": "family life",
  "western stories": "westerns",
  "cowboys": "westerns",
  "western": "westerns",
  "west ": "westerns",
  "cow-boys": "westerns",
  "demons in fiction": "demons",
  "paranormal romance stories": "paranormal romance",
  "city life": "urban",
  "urban life": "urban",
  "city and town life": "urban",
  "businessmen": "business",
  "businesswomen": "business",
  "business & economics": "business",
  "corporate culture": "business",
  "women executives": "business",
  "american noir fiction": "noir",
  "germany in fiction": "germany",
  "german americans": "germany",
  "sailors": "sea stories",
  "sailors in fiction": "sea stories",
  "china in fiction": "china",
  "chinese fiction": "china",
  "chinese american": "china",
  "chinese mythology": "china",
  "chinese folk literature": "china",
  "chinese folklore": "china",
  "chinese american families": "china",
  "chinese americans": "china",
  "chinese americans in fiction": "china",
  "chinese american women": "china",
  "chinese american women in fiction": "china",
  "japan in fiction": "japan",
  "japanese fiction": "japan",
  "japanese language": "japan",
  "translations from japanese": "japan",
  "japanese american": "japan",
  "japanese american women": "japan",
  "japanese folklore": "japan",
  "japanese american women in fiction": "japan",
  "japanese american families": "japan",
  "japanese mythology": "japan",
  "japanese folk literature": "japan",
  "japanese americans": "japan",
  "japanese americans in fiction": "japan",
  "heisei period": "japan",
  "southern life": "southern states",
  "southern states in fiction": "southern states",
  "mountain life in fiction": "mountain life",
  "appalachian mountains": "appalachian region",
  "appalachians ": "appalachian region",
  "southern appalachian region in fiction": "appalachian region",
  "southern appalachian region": "appalachian region",
  "appalachian trail": "appalachian region",
  "nineteen twenties": "1920s",
  "nineteen thirties": "1930s",
  "nineteen forties": "1940s",
  "nineteen fifties": "1950s",
  "nineteen sixties": "1960s",
  "american civil war ": "united states civil war",
  "juvenile poetry": "poetry",
  "children's poetry": "poetry",
  "poets": "poetry",
  "poetry slams": "poetry",
  "women poets": "poetry",
  "poetry ": "poetry",
  "poetic works by one author": "poetry",
  "medieval poetry": "poetry",
  "folk poetry": "folk music",
  "american poetry": "poetry",
  "japanese poetry": "poetry",
  "english poetry": "poetry",
  "haiku": "poetry",
  "n.y.)": "n.y.",
  "cocktails": "mixology",
  "alcohol": "mixology",
  "alcoholic beverages": "mixology",
  "wine & spirits": "mixology",
  "bartending": "mixology",
  "beverages": "mixology",
  "bars ": "mixology",
  "drinking establishments": "mixology",
  "liquors": "mixology",
  "cooks": "cooking",
  "cookery": "cooking",
  "chefs": "cooking",
  "cooking & food": "cooking",
  "food": "cooking",
  "cooking ": "cooking",
  "cookbooks": "cooking",
  "cookbook": "cooking",
  "european cooking": "cooking",
  "european cookery": "cooking",
  "international cookery": "cooking",
  "international cooking": "cooking",
  "recipes": "cooking",
  "gastronomy": "cooking",
  "food in literature": "cooking",
  "quick and easy cooking": "cooking",
  "cooking techniques": "cooking",
  "mexican cuisine": "mexican cooking",
  "mexican cookery": "mexican cooking",
  "korean cuisine": "korean cooking",
  "korean cookery": "korean cooking",
  "chinese cuisine": "chinese cooking",
  "chinese cookery": "chinese cooking",
  "japanese cuisine": "japanese cooking",
  "japanese cookery": "japanese cooking",
  "french cuisine": "french cooking",
  "french cookery": "french cooking",
  "italian cuisine": "italian cooking",
  "italian cookery": "italian cooking",
  "irish cuisine": "irish cooking",
  "irish cookery": "irish cooking",
  "english cuisine": "english cooking",
  "english cookery": "english cooking",
  "india in fiction": "india",
  "partition of india": "india",
  "indic fiction ": "india",
  "east indian americans": "india",
  "east indian americans in fiction": "india",
  "bangladesh and india) - fiction": "india",
  "mystery and suspense stories": "thrillers & mystery",
  "mystery and suspense": "thrillers & mystery",
  "scandinavia in fiction": "scandinavia",
  "scandinavians": "scandinavia",
  "scandinavian": "scandinavia",
  "scandinavian comparative literature": "scandinavia",
  "journalists sweden stockholm fiction": "scandinavia",
  "swedish fiction": "scandinavia",
  "computer hackers sweden stockholm fiction": "scandinavia",
  "sweden": "scandinavia",
  "sweden in fiction": "scandinavia",
  "norway": "scandinavia",
  "norway in fiction": "scandinavia",
  "denmark": "scandinavia",
  "denmark in fiction": "scandinavia",
  "iceland": "scandinavia",
  "iceland in fiction": "scandinavia",
  "christmas": "christmas stories",
  "santa claus": "christmas stories",
  "punk": "punk culture",
  "punk ": "punk culture",
  "dark magic": "dark fantasy",
  "military fantasy": "dark fantasy",
  "louisiana in fiction": "louisiana",
  "la.": "louisiana",
  "jazz musicians": "jazz",
  "jazz music": "jazz",
  "blues musicians": "jazz",
  "blues": "jazz",
  "blues music": "jazz",
  "country music": "folk music",
  "country & bluegrass": "folk music",
  "countrymusic": "folk music",
  "country musicians": "folk music",
  "bluegrass": "folk music",
  "folk songs": "folk music",
  "english folk songs": "folk music",
  "americana ": "folk music",
  "folk singers": "folk music",
  "guthrie": "folk music"
}